{
  "project_info": {
    "project_number": "534760564064",
    "project_id": "nerveapplication-e161a",
    "storage_bucket": "nerveapplication-e161a.firebasestorage.app"
  },
  "client": [
    {
      "client_info": {
        "mobilesdk_app_id": "1:534760564064:android:bb5ab0b33d2fe19bc86a05",
        "android_client_info": {
          "package_name": "com.dianerverotect"
        }
      },
      "oauth_client": [],
      "api_key": [
        {
          "current_key": "AIzaSyCUOejVznG0u99quvbY9DQD4BF5hJRn5q8"
        }
      ],
      "services": {
        "appinvite_service": {
          "other_platform_oauth_client": []
        }
      }
    }
  ],
  "configuration_version": "1"
}